Code du département;Libellé du département;Inscrits;Abstentions;Votants;Blancs;Nuls;Exprimés;FN;LUG;LUD
1;AIN;406874;210543;196331;4375;2023;189933;59134;43631;57473
2;AISNE;374780;166986;207794;4326;3191;200277;87229;27657;58111
3;ALLIER;253703;126759;126944;4056;3016;119872;29543;26268;39643
4;ALPES DE HAUTE PROVENCE;125778;54170;71608;1493;1129;68986;24083;20467;13158
5;HAUTES ALPES;108920;47187;61733;1669;982;59082;19250;13597;14500
6;ALPES MARITIMES;761575;358915;402660;6261;3775;392624;148802;47481;148835
7;ARDECHE;247803;117171;130632;3325;1751;125556;32348;32900;37159
8;ARDENNES;195007;103511;91496;2322;1756;87418;33690;13776;25240
9;ARIEGE;116689;54630;62059;2103;1482;58474;16629;18302;8829
10;AUBE;203894;103031;100863;2411;2169;96283;38916;13553;23729
11;AUDE;268758;121025;147733;4637;3548;139548;51719;36272;20664
12;AVEYRON;218654;100221;118433;4261;2951;111221;24181;28357;33952
13;BOUCHES DU RHONE;1350579;677668;672911;14123;7563;651225;259612;121344;147352
14;CALVADOS;494046;243370;250676;6054;4146;240476;57524;57572;74194
15;CANTAL;118078;58496;59582;1968;1659;55955;9723;12554;24811
16;CHARENTE;260342;133630;126712;3650;3346;119716;30107;31961;33452
17;CHARENTE MARITIME;481251;244475;236776;5570;4500;226706;61410;55923;65180
18;CHER;229570;119313;110257;3890;2088;104279;33180;22776;23699
19;CORREZE;186168;84904;101264;3612;3664;93988;19356;27200;27736
2A;CORSE SUD;106822;44860;61962;776;652;60534;7152;;
2B;HAUTE CORSE;123044;47863;75181;1019;707;73455;7024;;
21;COTE D'OR;355315;168356;186959;3863;2564;180532;50020;40180;55506
22;COTES D'ARMOR;453977;204449;249528;5129;4824;239575;41950;80061;63554
23;CREUSE;94745;47647;47098;2170;1752;43176;9888;11780;11750
24;DORDOGNE;312162;139735;172427;5127;4987;162313;40225;52154;38221
25;DOUBS;364962;176337;188625;4927;3025;180673;57352;47137;41155
26;DROME;363289;177950;185339;4602;2315;178422;52079;42607;49284
27;EURE;424544;210887;213657;4807;2647;206203;69244;41827;58493
28;EURE ET LOIR;300208;155563;144645;3337;2270;139038;44504;28199;43765
29;FINISTERE;685586;333982;351604;7458;4062;340084;56185;117841;76346
30;GARD;532636;262941;269695;6922;4594;258179;104929;46068;44533
31;HAUTE GARONNE;877256;426746;450510;10171;6226;434113;107711;138513;84796
32;GERS;144712;65319;79393;2846;1876;74671;19680;22577;14875
33;GIRONDE;1046873;520375;526498;8823;7379;510296;113895;172628;139997
34;HERAULT;781383;381187;400196;9396;6186;384614;138091;64714;60783
35;ILLE ET VILAINE;713690;360652;353038;8683;6117;338238;61443;121464;76675
36;INDRE;171730;84958;86772;2857;2091;81824;24717;21088;21743
37;INDRE ET LOIRE;423130;214310;208820;5373;3664;199783;52308;54638;51155
38;ISERE;840777;434567;406210;9062;3594;393554;108884;99932;103160
39;JURA;188708;90354;98354;2952;1903;93499;27988;21678;21827
40;LANDES;303978;142298;161680;3957;3221;154502;32875;54583;40410
41;LOIR ET CHER;244911;118570;126341;3503;2742;120096;38844;28662;30860
42;LOIRE;508757;258373;250384;5441;2535;242408;69028;53894;77887
43;HAUTE LOIRE;177167;77067;100100;2677;1239;96184;17551;17089;49725
44;LOIRE ATLANTIQUE;967468;480984;486484;12042;6118;468324;83172;143513;137503
45;LOIRET;447796;224314;223482;4986;3559;214937;68603;53661;54555
46;LOT;135779;60521;75258;2722;2170;70366;15031;22330;15493
47;LOT ET GARONNE;240471;113029;127442;3620;3036;120786;38453;31671;28804
48;LOZERE;59906;26989;32917;1058;832;31027;7311;7750;8408
49;MAINE ET LOIRE;561748;286243;275505;8855;5839;260811;57655;64591;87879
50;MANCHE;377687;192552;185135;5163;4238;175734;43117;43161;53121
51;MARNE;378895;198976;179919;4302;3265;172352;64273;27390;44497
52;HAUTE MARNE;136714;69092;67622;2192;1823;63607;26843;9821;14647
53;MAYENNE;222438;115882;106556;4293;3351;98912;21726;22814;35637
54;MEURTHE ET MOSELLE;493317;255733;237584;5287;3484;228813;79810;55694;46661
55;MEUSE;138699;68397;70302;2078;1503;66721;26953;13361;13487
56;MORBIHAN;568610;273539;295071;6578;4114;284379;58896;100480;65431
57;MOSELLE;756001;428214;327787;8331;4937;314519;122361;63029;69429
58;NIEVRE;161759;84172;77587;2747;1613;73227;22963;17945;13225
59;NORD;1804756;849197;955559;20612;12154;922793;341833;179185;239996
60;OISE;559330;259295;300035;6495;3536;290004;122031;42695;77746
61;ORNE;210219;101631;108588;3327;2077;103184;29966;23782;29239
62;PAS DE CALAIS;1090448;468799;621649;13859;11326;596464;264731;116423;122722
63;PUY DE DOME;454475;221681;232794;6540;4159;222095;43836;55907;70951
64;PYRENEES ATLANTIQUES;499959;254512;245447;7541;4863;233043;43135;76424;65875
65;HAUTES PYRENEES;177905;88515;89390;3149;2009;84232;20229;25609;16045
66;PYRENEES ORIENTALES;342593;167154;175439;4725;3583;167131;69688;31887;29084
67;BAS RHIN;768531;387543;380988;7561;8135;365292;112096;39353;121613
68;HAUT RHIN;529235;269926;259309;7130;7365;244814;85029;23242;68509
69;RHONE;1108472;580813;527659;8356;3768;515535;118917;135499;164876
70;HAUTE SAONE;179960;80612;99348;2751;2486;94111;35146;22477;19658
71;SAONE ET LOIRE;408473;217178;191295;5844;4094;181357;52577;41507;45557
72;SARTHE;408181;209769;198412;8787;2872;186753;55405;45183;47767
73;SAVOIE;304772;157355;147417;3349;1764;142304;39380;32986;42148
74;HAUTE SAVOIE;526603;292672;233931;5582;2352;225997;59500;46845;78544
75;PARIS;1238566;612623;625943;10007;4878;611058;59002;192019;201208
76;SEINE MARITIME;884317;448100;436217;12253;5150;418814;117267;102785;104310
77;SEINE ET MARNE;864556;479743;384813;9332;3917;371564;114894;75602;94172
78;YVELINES;956032;495438;460594;8239;3795;448560;85429;96521;166978
79;DEUX SEVRES;271646;140086;131560;4630;3390;123540;26857;34199;36085
80;SOMME;408525;170711;237814;6191;4369;227254;93211;39239;59845
81;TARN;288064;130784;157280;4825;3554;148901;45901;38275;31265
82;TARN ET GARONNE;180307;83955;96352;3013;2240;91099;32473;20668;18260
83;VAR;780011;375446;404565;7502;4147;392916;175115;53164;108364
84;VAUCLUSE;398416;180901;217515;5060;2438;210017;92884;38345;37675
85;VENDEE;504996;240417;264579;5670;4767;254142;52930;50663;116165
86;VIENNE;306368;153059;153309;4342;3895;145072;34721;39463;40002
87;HAUTE VIENNE;264970;119325;145645;4847;5175;135623;29699;40681;34988
88;VOSGES;285237;139507;145730;4788;3118;137824;51263;27171;31400
89;YONNE;242084;122679;119405;3022;2582;113801;41187;20967;25554
90;TERRITOIRE DE BELFORT;95418;47430;47988;1235;985;45768;15910;9485;8587
91;ESSONNE;787151;411842;375309;7474;4183;363652;79991;85681;86839
92;HAUTS DE SEINE;973340;503515;469825;12501;2747;454577;56096;109345;180192
93;SEINE SAINT-DENIS;762767;481263;281504;7408;3737;270359;54135;79971;57810
94;VAL DE MARNE;780643;433077;347566;6856;3844;336866;56574;84333;95966
95;VAL D'OISE;724034;416888;307146;6707;3782;296657;74378;70850;78954
ZA;GUADELOUPE;313433;165458;147975;2983;4538;140454;1973;;
ZB;MARTINIQUE;310723;183007;127716;3638;3449;120629;;;
ZC;GUYANE;88183;50598;37585;771;684;36130;;;
ZD;LA REUNION;625471;347462;278009;5616;6599;265794;6355;63248;107281
